admin,1e01b05d8b41a98556049db0d1f55a62ee8a56c1
security_user,76bbfa2a1d509ed7f74c52a23fabac99b3bbe09b
network_admin,fc29ef0522960d90338f5e09395ebc38f408129c
help_desk,0ed8f90a0773f98ba405c7858450137470ac261f
auditor,99eb6a607d9a155f54e6545691e18a267636cb4e
analyst,0da3340066a077cb788076a25af1a336ded5fc40
operator,3abe224d83e1b345b86b7afa421305df51c6e69c
manager,7c7b60fbbcd93e608af790afff539a2539d1f453
developer,f194108d5c073d209902fa11ba1bd498be465fa6
guest_user,d42da67ed5127e5d3bb169905c5bbe0ca1f34edc
